package,breaking_version,V_r,E_r,D_t,H_m,CRS_equal,CRS_learned,CRS_rating,label_breaking,propagation_class,R0,ci_check_failure_rate,ci_check_prs_sampled,ci_check_prs_failed,pr_rejection_rate,bot_prs_total,bot_prs_rejected,ci_failure_issues,is_deprecated,days_to_patch,quick_patch
lodash,4.0.0,0.0,0.2139212692376684,0.18474999999999997,0.0379795992336768,0.10916271711783629,0.12678749459438368,SAFE,1,moderate,1.467,,,,0.0965,259.0,25.0,2.0,0.0,12.0,1.0
express,4.0.0,0.5417,0.14634925787324884,0.33035,0.030963599647905557,0.2623407143802886,0.3223531043077075,WAIT,1,moderate,1.196,,,,0.2069,232.0,48.0,1.0,0.0,15.0,0.0
react,16.0.0,1.0,0.18671454016378777,0.42755,0.05431574587065707,0.41714507150861124,0.5195109863725819,WAIT,1,explosive,2.098,,,,0.1917,266.0,51.0,7.0,0.0,43.0,0.0
react,17.0.0,0.0,0.18671454016378777,0.5,0.052762388028788895,0.18486923204814415,0.1929909423526247,SAFE,1,explosive,2.038,,,,,0.0,0.0,2.0,0.0,1.0,1.0
react,18.0.0,0.0,0.18671454016378777,0.0,0.061668306322166425,0.06209571162148855,0.07287811038776774,SAFE,1,explosive,2.382,,,,,0.0,0.0,6.0,0.0,28.0,0.0
webpack,4.0.0,0.0,0.06636985298874415,0.6809999999999999,0.0621084243773624,0.2023695693415266,0.19144261567707163,SAFE,1,explosive,2.399,,,,0.214,257.0,55.0,18.0,0.0,1.0,1.0
webpack,5.0.0,0.6019,0.06636985298874415,0.5,0.04362346605913116,0.30297332976196883,0.3541575115201383,WAIT,1,rapid,1.685,,,,,0.0,0.0,1.0,0.0,2.0,1.0
babel-core,7.0.0,1.0,0.01226062694709383,0.24659999999999996,0.0,0.3147151567367734,0.4079525636724154,WAIT,1,no_signal,,,,,0.1644,219.0,36.0,0.0,0.0,,0.0
typescript,2.0.0,0.0,0.2826640700219452,0.2375,0.04592761352456895,0.14152292088662854,0.16577768601839912,SAFE,1,rapid,1.774,,,,0.145,200.0,29.0,1.0,0.0,49.0,0.0
typescript,3.0.0,1.0,0.2826640700219452,0.16904999999999998,0.0,0.36292851750548627,0.49149738895301154,WAIT,1,no_signal,,,,,0.1127,213.0,24.0,0.0,0.0,,0.0
typescript,4.0.0,1.0,0.2826640700219452,0.22079999999999997,0.0,0.37586601750548626,0.5039633100050699,WAIT,1,no_signal,,,,,0.1472,231.0,34.0,0.0,0.0,,0.0
angular,2.0.0,0.0,0.0007569274201028325,0.285,0.0,0.07143923185502571,0.06893905389124849,SAFE,1,no_signal,,,,,0.19,200.0,38.0,0.0,0.0,,0.0
vue,3.0.0,0.9648,0.017749512220948796,0.0,0.03777248485476105,0.25508049926892745,0.3399222362351042,WAIT,1,moderate,1.459,,,,,0.0,0.0,1.0,0.0,27.0,0.0
moment,2.0.0,0.0,0.04696854074256434,0.59175,0.03691813804173355,0.16890916969607445,0.16167297524478455,SAFE,1,moderate,1.426,,,,0.3945,218.0,86.0,0.0,0.0,149.0,0.0
axios,1.0.0,0.0323,0.1495214042113067,0.5,0.03660746647335991,0.17960721767116664,0.18943842625296717,SAFE,1,moderate,1.414,,,,,0.0,0.0,1.0,0.0,1.0,1.0
jest,27.0.0,0.1667,0.06143260509699741,0.5,0.03461399057629576,0.1906866489183233,0.2022846493947929,SAFE,1,moderate,1.337,,,,,0.0,0.0,2.0,0.0,0.0,1.0
jest,28.0.0,0.1667,0.06143260509699741,0.5,0.037384145394294,0.19137918762282286,0.20238755903908673,SAFE,1,moderate,1.444,,,,,0.0,0.0,2.0,0.0,0.0,1.0
eslint,6.0.0,0.0,0.18495740820105708,1.0,0.04872365763993165,0.30842026646024717,0.3126203062638384,WAIT,1,rapid,1.882,,,,,0.0,0.0,50.0,1.0,2.0,1.0
eslint,7.0.0,0.0,0.18495740820105708,1.0,1.0,0.5462393520502642,0.3479596704688171,WAIT,1,explosive,38.626,,,,,0.0,0.0,3.0,1.0,14.0,1.0
eslint,8.0.0,0.0,0.18495740820105708,1.0,0.04028374669911459,0.3063102887250429,0.312306768469074,WAIT,1,rapid,1.556,,,,,0.0,0.0,2.0,1.0,4.0,1.0
mocha,6.0.0,0.0741,0.019120906795257953,0.5,0.0382384922073215,0.15786484975064485,0.15457692518230962,SAFE,1,moderate,1.477,,,,,0.0,0.0,17.0,0.0,2.0,1.0
mocha,8.0.0,0.0457,0.019120906795257953,0.5,0.028478227100916485,0.14832478347404363,0.1444471615852728,SAFE,1,moderate,1.1,,,,,0.0,0.0,0.0,0.0,0.0,1.0
chalk,5.0.0,0.0,0.6048824781792433,0.0,0.03008336353751359,0.15874146042918924,0.22979254731587778,SAFE,1,moderate,1.162,,,,,0.0,0.0,0.0,0.0,102.0,0.0
node-fetch,3.0.0,0.2,0.20383100158077935,0.0,0.026717754880132557,0.10763718911522797,0.14683349720890876,SAFE,1,moderate,1.032,,,,,0.0,0.0,2.0,0.0,69.0,0.0
uuid,8.0.0,0.0,0.36371260541544703,1.0,0.03399264743954849,0.3494263132137489,0.37965120799130847,WAIT,1,moderate,1.313,,,,,0.0,0.0,0.0,1.0,20.0,0.0
uuid,9.0.0,0.0,0.36371260541544703,1.0,0.03479521565784705,0.34962695526832355,0.3796810229349824,WAIT,1,moderate,1.344,,,,,0.0,0.0,0.0,1.0,371.0,0.0
glob,8.0.0,1.0,0.4925150898901939,0.25334999999999996,0.0,0.4364662724725485,0.5911380757911134,WAIT,1,no_signal,,,,,0.1689,296.0,50.0,0.0,0.0,,0.0
glob,9.0.0,1.0,0.4925150898901939,1.0,0.03249106819240926,0.6312515395206508,0.7722036499501802,AVOID,1,moderate,1.255,,,,,0.0,0.0,0.0,1.0,0.0,1.0
rimraf,4.0.0,0.0,0.1939098963557897,1.0,0.037410034691658475,0.307829982761862,0.3155844872565415,WAIT,1,moderate,1.445,,,,,0.0,0.0,0.0,1.0,0.0,1.0
mkdirp,1.0.0,0.0,0.17706898152803033,0.5,0.03880805674933983,0.17896925956934254,0.18882605720246243,SAFE,1,moderate,1.499,,,,,0.0,0.0,1.0,0.0,0.0,1.0
semver,7.0.0,0.9524,1.0,0.5,0.03536478019986538,0.6219411950499664,0.8273503433339557,AVOID,1,moderate,1.366,,,,,0.0,0.0,5.0,0.0,2.0,1.0
commander,8.0.0,0.0,0.5745777606045109,0.0,0.03523533371304303,0.15245327357938848,0.21852728427821244,SAFE,1,moderate,1.361,,,,,0.0,0.0,0.0,0.0,31.0,0.0
commander,9.0.0,0.0,0.5745777606045109,0.0,0.030342256511158287,0.1512300042789173,0.21834550929903923,SAFE,1,moderate,1.172,,,,,0.0,0.0,0.0,0.0,48.0,0.0
yargs,17.0.0,0.1034,0.2698040340772249,0.5,0.24253093771035056,0.2789337429468939,0.2670133723137407,WAIT,1,explosive,9.368,,,,,0.0,0.0,0.0,0.0,1.0,1.0
dotenv,16.0.0,0.0,0.18861292985546285,0.0,0.029876249158597837,0.05462229475351517,0.07241473745498263,SAFE,1,moderate,1.154,,,,,0.0,0.0,0.0,0.0,96.0,0.0
mongoose,6.0.0,0.0833,0.00765728904968738,0.5,0.07173924299694506,0.16567413301165812,0.15465166868572763,SAFE,1,explosive,2.771,,,,,0.0,0.0,0.0,0.0,1.0,1.0
mongoose,7.0.0,0.0353,0.00765728904968738,0.5,0.03435509760265106,0.14432809666308463,0.13675496727073738,SAFE,1,moderate,1.327,,,,,0.0,0.0,1.0,0.0,7.0,1.0
sequelize,6.0.0,1.0,0.004115839994886991,0.0,0.032542846787138195,0.25916467169550633,0.34667956253313037,WAIT,1,moderate,1.257,,,,,0.0,0.0,0.0,0.0,377.0,0.0
typeorm,0.3.0,0.0219,0.006500955126108826,0.5,0.03091182105317662,0.13982819404482136,0.13158144513179973,SAFE,1,moderate,1.194,,,,,0.0,0.0,1.0,0.0,3.0,1.0
graphql,16.0.0,0.2319,0.05514834879985142,0.5,0.03274996116605395,0.20494957749147635,0.22226288124338023,SAFE,1,moderate,1.265,,,,,0.0,0.0,1.0,0.0,4.0,1.0
apollo-server,3.0.0,0.2632,0.004150268182442226,1.0,0.0265106405012168,0.32346522717091475,0.33395955113763875,WAIT,1,moderate,1.024,,,,,0.0,0.0,1.0,1.0,9.0,1.0
next,13.0.0,0.0233,0.05012334772257873,0.5,0.09136333039921297,0.16619666953044793,0.15080004810987127,SAFE,1,explosive,3.529,,,,,0.0,0.0,5.0,0.0,6.0,1.0
next,14.0.0,0.0276,0.05012334772257873,1.0,0.07777144928286647,0.2888736992513613,0.2722176321713137,WAIT,1,explosive,3.004,,,,,0.0,0.0,5.0,1.0,4.0,1.0
nuxt,3.0.0,0.0,0.0021100069669201015,0.0,0.03989540723864755,0.010501353551391913,0.002279776390423192,SAFE,1,rapid,1.541,,,,,0.0,0.0,2.0,0.0,69.0,0.0
gatsby,4.0.0,0.0123,0.0004153429017417078,0.5,0.031973282245119874,0.1361721562867154,0.12601864025966986,SAFE,1,moderate,1.235,,,,,0.0,0.0,0.0,0.0,4.0,1.0
tailwindcss,3.0.0,0.8899,0.1541017477649793,0.5,0.03539066949722985,0.39484810431555234,0.4860659996161581,WAIT,1,moderate,1.367,,,,,0.0,0.0,1.0,0.0,1.0,1.0
postcss,8.0.0,0.6667,0.3163677861283577,0.5,0.03179205716356858,0.37871496082298156,0.47051501543653834,WAIT,1,moderate,1.228,,,,,0.0,0.0,1.0,0.0,0.0,1.0
rollup,3.0.0,0.0433,0.16838787005430236,0.5,0.03163672137938176,0.18583114785842103,0.20016926766002158,SAFE,1,moderate,1.222,,,,,0.0,0.0,0.0,0.0,0.0,1.0
vite,3.0.0,0.1241,0.17995940435672458,0.5,0.04370113395122457,0.2119401345769873,0.23278035768502647,SAFE,1,rapid,1.688,,,,,0.0,0.0,5.0,0.0,4.0,1.0
vite,4.0.0,0.0036,0.17995940435672458,0.5,0.0409568684305908,0.18112906819682884,0.19123669724150483,SAFE,1,rapid,1.582,,,,,0.0,0.0,1.0,0.0,3.0,1.0
prettier,3.0.0,0.9,0.14822742712876602,0.0,0.04572049914565319,0.2734869815686048,0.36725882423422174,WAIT,1,rapid,1.766,,,,,0.0,0.0,3.0,0.0,28.0,0.0
glob,4.0.0,0.0,0.4925150898901939,0.0,0.0,0.12312877247254847,0.18619463514253123,SAFE,1,,,,,,,,,,,,
glob,5.0.0,0.0,0.4925150898901939,0.0,0.0,0.12312877247254847,0.18619463514253123,SAFE,1,,,,,,,,,,,,
glob,10.0.0,0.0213,0.4925150898901939,0.0,0.0,0.12845377247254847,0.19352001670083144,SAFE,1,,,,,,,,,,,,
uuid,3.0.0,0.0,0.36371260541544703,0.0,0.0,0.09092815135386176,0.1375010375360622,SAFE,1,,,,,,,,,,,,
uuid,7.0.0,0.0,0.36371260541544703,0.0,0.0,0.09092815135386176,0.1375010375360622,SAFE,1,,,,,,,,,,,,
graceful-fs,3.0.0,0.0,0.22419374212018178,0.0,0.0,0.056048435530045446,0.08475612802972743,SAFE,1,,,,,,,,,,,,
eslint,1.0.0,0.0,0.18495740820105708,0.0,0.0,0.04623935205026427,0.06992288732631928,SAFE,1,,,,,,,,,,,,
eslint,2.0.0,0.0,0.18495740820105708,0.0,0.0,0.04623935205026427,0.06992288732631928,SAFE,1,,,,,,,,,,,,
eslint,3.0.0,0.0,0.18495740820105708,0.0,0.0,0.04623935205026427,0.06992288732631928,SAFE,1,,,,,,,,,,,,
eslint,4.0.0,0.1429,0.18495740820105708,0.0,0.0,0.08196435205026427,0.11906828754608917,SAFE,1,,,,,,,,,,,,
eslint,5.0.0,0.0,0.18495740820105708,0.0,0.0,0.04623935205026427,0.06992288732631928,SAFE,1,,,,,,,,,,,,
express,1.0.0,0.7907,0.14634925787324884,0.0,0.0,0.2342623144683122,0.3272604262313836,SAFE,1,,,,,,,,,,,,
express,2.0.0,0.2222,0.14634925787324884,0.0,0.0,0.09213731446831222,0.13174496069646982,SAFE,1,,,,,,,,,,,,
express,3.0.0,0.7,0.14634925787324884,0.0,0.0,0.2115873144683122,0.2960673695488565,SAFE,1,,,,,,,,,,,,
tar,2.0.0,0.0,0.11281559079137288,0.0,0.0,0.02820389769784322,0.042649774995669645,SAFE,1,,,,,,,,,,,,
tar,4.0.0,0.0,0.11281559079137288,0.0,0.0,0.02820389769784322,0.042649774995669645,SAFE,1,,,,,,,,,,,,
tar,6.0.0,0.0,0.11281559079137288,0.0,0.0,0.02820389769784322,0.042649774995669645,SAFE,1,,,,,,,,,,,,
tar,7.0.0,0.0952,0.11281559079137288,0.0,0.0,0.05200389769784322,0.0753904475003729,SAFE,1,,,,,,,,,,,,
jsonwebtoken,4.0.0,0.0,0.06208722919118367,0.0,0.0,0.015521807297795917,0.02347198943455829,SAFE,1,,,,,,,,,,,,
graphql,14.0.0,0.0181,0.05514834879985142,0.0,0.0,0.018312087199962856,0.027073610239887205,SAFE,1,,,,,,,,,,,,
formidable,1.0.0,0.0,0.030071048221397747,0.0,0.0,0.007517762055349437,0.01136831737111837,SAFE,1,,,,,,,,,,,,
gauge,2.0.0,0.0,0.02954268911535926,0.0,0.0,0.007385672278839815,0.011168571956221533,SAFE,1,,,,,,,,,,,,
npmlog,3.0.0,0.0,0.029315392929505836,0.0,0.0,0.007328848232376459,0.011082642953713806,SAFE,1,,,,,,,,,,,,
npmlog,7.0.0,0.0,0.029315392929505836,0.0,0.0,0.007328848232376459,0.011082642953713806,SAFE,1,,,,,,,,,,,,
joi,1.0.0,0.0,0.02903769040307591,0.0,0.0,0.007259422600768978,0.01097765790523883,SAFE,1,,,,,,,,,,,,
joi,3.0.0,0.15,0.02903769040307591,0.0,0.0,0.044759422600768976,0.06256485197777545,SAFE,1,,,,,,,,,,,,
joi,6.0.0,0.0,0.02903769040307591,0.0,0.0,0.007259422600768978,0.01097765790523883,SAFE,1,,,,,,,,,,,,
joi,9.0.0,0.0,0.02903769040307591,0.0,0.0,0.007259422600768978,0.01097765790523883,SAFE,1,,,,,,,,,,,,
superagent,1.0.0,0.0667,0.02801926269341777,0.0,0.0,0.02367981567335444,0.03353174837680506,SAFE,1,,,,,,,,,,,,
superagent,3.0.0,0.5667,0.02801926269341777,0.0,0.0,0.14867981567335445,0.20548906195192715,SAFE,1,,,,,,,,,,,,
superagent,10.0.0,0.0526,0.02801926269341777,0.0,0.0,0.02015481567335444,0.02868255213398662,SAFE,1,,,,,,,,,,,,
multer,1.0.0,0.0,0.022816689776531892,0.0,0.0,0.005704172444132973,0.008625817391805896,SAFE,1,,,,,,,,,,,,
nodemailer,3.0.0,0.5,0.02171342197144131,0.0,0.0,0.13042835549286033,0.18016604212914406,SAFE,1,,,,,,,,,,,,
nodemailer,4.0.0,0.0,0.02171342197144131,0.0,0.0,0.005428355492860327,0.008208728554021978,SAFE,1,,,,,,,,,,,,
request,1.0.0,1.0,0.020837760729218408,0.0,0.0,0.2552094401823046,0.3517923132065825,WAIT,1,,,,,,,,,,,,
supertest,4.0.0,0.0,0.020283687653052055,0.0,0.0,0.005070921913263014,0.007668219511298853,SAFE,1,,,,,,,,,,,,
supertest,6.0.0,0.0,0.020283687653052055,0.0,0.0,0.005070921913263014,0.007668219511298853,SAFE,1,,,,,,,,,,,,
connect,2.0.0,0.2326,0.02027068939773275,0.0,0.0,0.0632176723494332,0.08765784781435353,SAFE,1,,,,,,,,,,,,
mocha,1.0.0,0.0,0.019120906795257953,0.0,0.0,0.004780226698814488,0.007228631847871197,SAFE,1,,,,,,,,,,,,
mocha,2.0.0,0.0,0.019120906795257953,0.0,0.0,0.004780226698814488,0.007228631847871197,SAFE,1,,,,,,,,,,,,
sinon,2.0.0,0.4,0.015403330615377131,0.0,0.0,0.10385083265384429,0.14338905827603562,SAFE,1,,,,,,,,,,,,
sinon,3.0.0,0.0625,0.015403330615377131,0.0,0.0,0.019475832653844283,0.02731787161282822,SAFE,1,,,,,,,,,,,,
sinon,4.0.0,0.0,0.015403330615377131,0.0,0.0,0.0038508326538442827,0.005823207415937956,SAFE,1,,,,,,,,,,,,
sinon,6.0.0,0.0,0.015403330615377131,0.0,0.0,0.0038508326538442827,0.005823207415937956,SAFE,1,,,,,,,,,,,,
sinon,7.0.0,0.0,0.015403330615377131,0.0,0.0,0.0038508326538442827,0.005823207415937956,SAFE,1,,,,,,,,,,,,
puppeteer,3.0.0,0.0,0.014267328473970586,0.0,0.0,0.0035668321184926465,0.0053937434084747864,SAFE,1,,,,,,,,,,,,
puppeteer,4.0.0,0.0,0.014267328473970586,0.0,0.0,0.0035668321184926465,0.0053937434084747864,SAFE,1,,,,,,,,,,,,
puppeteer,5.0.0,0.0,0.014267328473970586,0.0,0.0,0.0035668321184926465,0.0053937434084747864,SAFE,1,,,,,,,,,,,,
puppeteer,9.0.0,0.0017,0.014267328473970586,0.0,0.0,0.003991832118492646,0.005978398274630202,SAFE,1,,,,,,,,,,,,
log4js,1.0.0,0.1176,0.010505322450819301,0.0,0.0,0.03202633061270482,0.04441588248982095,SAFE,1,,,,,,,,,,,,
log4js,2.0.0,0.9375,0.010505322450819301,0.0,0.0,0.2370013306127048,0.32639148529030615,SAFE,1,,,,,,,,,,,,
log4js,3.0.0,0.2326,0.010505322450819301,0.0,0.0,0.06077633061270483,0.08396606461209903,SAFE,1,,,,,,,,,,,,
log4js,4.0.0,0.0,0.010505322450819301,0.0,0.0,0.0026263306127048253,0.0039715223369522325,SAFE,1,,,,,,,,,,,,
log4js,5.0.0,0.0,0.010505322450819301,0.0,0.0,0.0026263306127048253,0.0039715223369522325,SAFE,1,,,,,,,,,,,,
better-sqlite3,3.0.0,0.2,0.009641122888921327,0.0,0.0,0.052410280722230335,0.07242773834139991,SAFE,1,,,,,,,,,,,,
bcrypt,1.0.0,0.0,0.00714538410088038,0.0,0.0,0.001786346025220095,0.002701302382254492,SAFE,1,,,,,,,,,,,,
bcrypt,2.0.0,0.0,0.00714538410088038,0.0,0.0,0.001786346025220095,0.002701302382254492,SAFE,1,,,,,,,,,,,,
bcrypt,4.0.0,0.0,0.00714538410088038,0.0,0.0,0.001786346025220095,0.002701302382254492,SAFE,1,,,,,,,,,,,,
react-dnd,1.0.0,0.0,0.00676537824853388,0.0,0.0,0.00169134456213347,0.002557641705694393,SAFE,1,,,,,,,,,,,,
sequelize,1.0.0,1.0,0.004115839994886991,0.0,0.0,0.25102895999872177,0.34547061465577195,WAIT,1,,,,,,,,,,,,
chrono-node,2.0.0,0.7213,0.0035090167445476364,0.0,0.0,0.18120225418613692,0.24939219939500654,SAFE,1,,,,,,,,,,,,
react-beautiful-dnd,2.0.0,0.0088,0.003225791455819071,0.0,0.0,0.0030064478639547677,0.004245954629484272,SAFE,1,,,,,,,,,,,,
react-beautiful-dnd,4.0.0,0.0779,0.003225791455819071,0.0,0.0,0.020281447863954766,0.028010455365566143,SAFE,1,,,,,,,,,,,,
react-beautiful-dnd,6.0.0,0.0,0.003225791455819071,0.0,0.0,0.0008064478639547677,0.0012195059105621227,SAFE,1,,,,,,,,,,,,
react-beautiful-dnd,7.0.0,0.0044,0.003225791455819071,0.0,0.0,0.0019064478639547679,0.0027327302700231974,SAFE,1,,,,,,,,,,,,
react-beautiful-dnd,9.0.0,0.0,0.003225791455819071,0.0,0.0,0.0008064478639547677,0.0012195059105621227,SAFE,1,,,,,,,,,,,,
react-beautiful-dnd,10.0.0,0.1532,0.003225791455819071,0.0,0.0,0.03910644786395477,0.05390722678997953,SAFE,1,,,,,,,,,,,,
react-beautiful-dnd,11.0.0,0.0425,0.003225791455819071,0.0,0.0,0.011431447863954768,0.0158358775644475,SAFE,1,,,,,,,,,,,,
serverless,1.0.0,1.0,0.0019477006658380298,0.0,0.0,0.2504869251664595,0.3446509526401361,WAIT,1,,,,,,,,,,,,
levelup,1.0.0,0.3333,0.001480046014853781,0.0,0.0,0.08369501150371345,0.11518627453779369,SAFE,1,,,,,,,,,,,,
levelup,3.0.0,0.0,0.001480046014853781,0.0,0.0,0.00037001150371344525,0.0005595293086173194,SAFE,1,,,,,,,,,,,,
node-sass,3.0.0,0.0,0.001287834958038698,0.0,0.0,0.0003219587395096745,0.0004868641896622356,SAFE,1,,,,,,,,,,,,
node-sass,4.0.0,0.0,0.001287834958038698,0.0,0.0,0.0003219587395096745,0.0004868641896622356,SAFE,1,,,,,,,,,,,,
graphql-tools,3.0.0,0.0392,0.0012827923754258012,0.0,0.0,0.01012069809385645,0.013966411232706519,SAFE,1,,,,,,,,,,,,
graphql-tools,5.0.0,0.3261,0.0012827923754258012,0.0,0.0,0.08184569809385644,0.11263551776211157,SAFE,1,,,,,,,,,,,,
graphql-tools,6.0.0,1.0,0.0012827923754258012,0.0,0.0,0.25032069809385643,0.34439958499866113,WAIT,1,,,,,,,,,,,,
graphql-tools,7.0.0,0.0,0.0012827923754258012,0.0,0.0,0.0003206980938564503,0.0004849578484169477,SAFE,1,,,,,,,,,,,,
graphql-tools,8.0.0,0.0,0.0012827923754258012,0.0,0.0,0.0003206980938564503,0.0004849578484169477,SAFE,1,,,,,,,,,,,,
apollo-server-express,3.0.0,0.32,0.0010367343861989735,0.0,0.0,0.08025918359654975,0.11044461666068167,SAFE,1,,,,,,,,,,,,
leveldown,4.0.0,1.0,0.0008619434132875656,0.0,0.0,0.2502154858533219,0.344240483642045,WAIT,1,,,,,,,,,,,,
leveldown,5.0.0,0.0,0.0008619434132875656,0.0,0.0,0.0002154858533218914,0.0003258564918008245,SAFE,1,,,,,,,,,,,,
tap,1.0.0,1.0,0.0004557615048547419,0.0,0.0,0.2501139403762137,0.34408692714439737,WAIT,1,,,,,,,,,,,,
tap,2.0.0,0.0,0.0004557615048547419,0.0,0.0,0.00011394037621368547,0.00017229999415319282,SAFE,1,,,,,,,,,,,,
tap,5.0.0,0.0,0.0004557615048547419,0.0,0.0,0.00011394037621368547,0.00017229999415319282,SAFE,1,,,,,,,,,,,,
tap,7.0.0,0.0,0.0004557615048547419,0.0,0.0,0.00011394037621368547,0.00017229999415319282,SAFE,1,,,,,,,,,,,,
tap,10.0.0,0.0,0.0004557615048547419,0.0,0.0,0.00011394037621368547,0.00017229999415319282,SAFE,1,,,,,,,,,,,,
gatsby,3.0.0-reach-router.14,0.0,0.0004153429017417078,0.0,0.0,0.00010383572543542695,0.0001570197982483729,SAFE,1,,,,,,,,,,,,
gatsby,3.0.0-reach-router.16,0.0,0.0004153429017417078,0.0,0.0,0.00010383572543542695,0.0001570197982483729,SAFE,1,,,,,,,,,,,,
gatsby,3.0.0-reach-router.18,0.0,0.0004153429017417078,0.0,0.0,0.00010383572543542695,0.0001570197982483729,SAFE,1,,,,,,,,,,,,
hapi,1.0.0,0.125,8.538569090146067e-05,0.0,0.0,0.03127134642272537,0.043021608333807,SAFE,1,,,,,,,,,,,,
hapi,2.0.0,0.4561,8.538569090146067e-05,0.0,0.0,0.11404634642272536,0.15689174138325285,SAFE,1,,,,,,,,,,,,
hapi,3.0.0,0.0204,8.538569090146067e-05,0.0,0.0,0.005121346422725366,0.007048138333891459,SAFE,1,,,,,,,,,,,,
hapi,5.0.0,0.0435,8.538569090146067e-05,0.0,0.0,0.010896346422725365,0.014992566221062098,SAFE,1,,,,,,,,,,,,
hapi,7.0.0,0.05,8.538569090146067e-05,0.0,0.0,0.012521346422725366,0.017228011297538686,SAFE,1,,,,,,,,,,,,
hapi,10.0.0,0.0588,8.538569090146067e-05,0.0,0.0,0.014721346422725365,0.020254460016460835,SAFE,1,,,,,,,,,,,,
react-testing-library,2.0.0,0.8235,5.8253450919178054e-05,0.0,0.0,0.2058895633627298,0.2832357180931917,SAFE,1,,,,,,,,,,,,
debug,4.0.0,0.0,0.8508974920201096,0.0,0.0,0.2127243730050274,0.3216805968436453,SAFE,1,,,,,,,,,,,,
minimatch,1.0.0,0.0,0.8484756299205892,0.0,0.0,0.2121189074801473,0.32076501529245616,SAFE,1,,,,,,,,,,,,
minimatch,2.0.0,1.0,0.8484756299205892,0.0,0.0,0.4621189074801473,0.6646796424427004,WAIT,1,,,,,,,,,,,,
minimatch,3.0.0,0.0,0.8484756299205892,0.0,0.0,0.2121189074801473,0.32076501529245616,SAFE,1,,,,,,,,,,,,
glob,3.0.0,0.0,0.4925150898901939,0.0,0.0,0.12312877247254847,0.18619463514253123,SAFE,1,,,,,,,,,,,,
glob,7.0.0,0.0,0.4925150898901939,0.0,0.0,0.12312877247254847,0.18619463514253123,SAFE,1,,,,,,,,,,,,
glob,11.0.0,0.0,0.4925150898901939,0.0,0.0,0.12312877247254847,0.18619463514253123,SAFE,1,,,,,,,,,,,,
uuid,2.0.0,0.0,0.36371260541544703,0.0,0.0,0.09092815135386176,0.1375010375360622,SAFE,1,,,,,,,,,,,,
uuid,10.0.0,0.0,0.36371260541544703,0.0,0.0,0.09092815135386176,0.1375010375360622,SAFE,1,,,,,,,,,,,,
graceful-fs,2.0.0,0.0,0.22419374212018178,0.0,0.0,0.056048435530045446,0.08475612802972743,SAFE,1,,,,,,,,,,,,
rimraf,2.0.0,0.0,0.1939098963557897,0.0,0.0,0.048477474088947425,0.07330736284758688,SAFE,1,,,,,,,,,,,,
rimraf,3.0.0,0.0,0.1939098963557897,0.0,0.0,0.048477474088947425,0.07330736284758688,SAFE,1,,,,,,,,,,,,
react-dom,16.0.0,1.0,0.17581391152646145,0.0,0.0,0.29395347788161535,0.4103808284537396,WAIT,1,,,,,,,,,,,,
ajv-formats,1.0.0,1.0,0.12622920153884645,0.0,0.0,0.2815573003847116,0.3916353987718783,WAIT,1,,,,,,,,,,,,
eslint-plugin-react-hooks,2.0.0,0.0,0.11434019469741331,0.0,0.0,0.02858504867435333,0.04322614935221041,SAFE,1,,,,,,,,,,,,
eslint-plugin-react-hooks,6.0.0,0.0,0.11434019469741331,0.0,0.0,0.02858504867435333,0.04322614935221041,SAFE,1,,,,,,,,,,,,
tar,1.0.0,0.0,0.11281559079137288,0.0,0.0,0.02820389769784322,0.042649774995669645,SAFE,1,,,,,,,,,,,,
tar,3.0.0,0.7692,0.11281559079137288,0.0,0.0,0.22050389769784323,0.30718890619963746,SAFE,1,,,,,,,,,,,,
tar,5.0.0,0.0,0.11281559079137288,0.0,0.0,0.02820389769784322,0.042649774995669645,SAFE,1,,,,,,,,,,,,
eslint-config-prettier,10.0.0,0.0,0.07886156884529619,0.0,0.0,0.019715392211324047,0.029813504884066064,SAFE,1,,,,,,,,,,,,
bluebird,3.0.0,0.0,0.06489249458830536,0.0,0.0,0.01622312364707634,0.024532516061694716,SAFE,1,,,,,,,,,,,,
jsonwebtoken,1.0.0,0.0,0.06208722919118367,0.0,0.0,0.015521807297795917,0.02347198943455829,SAFE,1,,,,,,,,,,,,
jsonwebtoken,2.0.0,0.0,0.06208722919118367,0.0,0.0,0.015521807297795917,0.02347198943455829,SAFE,1,,,,,,,,,,,,
jsonwebtoken,3.0.0,0.0,0.06208722919118367,0.0,0.0,0.015521807297795917,0.02347198943455829,SAFE,1,,,,,,,,,,,,
formidable,2.0.0,1.0,0.030071048221397747,0.0,0.0,0.25751776205534943,0.35528294452136255,WAIT,1,,,,,,,,,,,,
gauge,3.0.0,0.0,0.02954268911535926,0.0,0.0,0.007385672278839815,0.011168571956221533,SAFE,1,,,,,,,,,,,,
gauge,4.0.0,0.0,0.02954268911535926,0.0,0.0,0.007385672278839815,0.011168571956221533,SAFE,1,,,,,,,,,,,,
gauge,5.0.0,0.0,0.02954268911535926,0.0,0.0,0.007385672278839815,0.011168571956221533,SAFE,1,,,,,,,,,,,,
npmlog,1.0.0,0.0,0.029315392929505836,0.0,0.0,0.007328848232376459,0.011082642953713806,SAFE,1,,,,,,,,,,,,
npmlog,2.0.0,0.0,0.029315392929505836,0.0,0.0,0.007328848232376459,0.011082642953713806,SAFE,1,,,,,,,,,,,,
npmlog,4.0.0,0.0,0.029315392929505836,0.0,0.0,0.007328848232376459,0.011082642953713806,SAFE,1,,,,,,,,,,,,
npmlog,5.0.0,0.0,0.029315392929505836,0.0,0.0,0.007328848232376459,0.011082642953713806,SAFE,1,,,,,,,,,,,,
npmlog,6.0.0,0.0,0.029315392929505836,0.0,0.0,0.007328848232376459,0.011082642953713806,SAFE,1,,,,,,,,,,,,
are-we-there-yet,2.0.0,0.0,0.029280534667971196,0.0,0.0,0.007320133666992799,0.011069464837100989,SAFE,1,,,,,,,,,,,,
are-we-there-yet,3.0.0,0.0,0.029280534667971196,0.0,0.0,0.007320133666992799,0.011069464837100989,SAFE,1,,,,,,,,,,,,
are-we-there-yet,4.0.0,0.0,0.029280534667971196,0.0,0.0,0.007320133666992799,0.011069464837100989,SAFE,1,,,,,,,,,,,,
joi,2.0.0,0.7333,0.02903769040307591,0.0,0.0,0.19058442260076897,0.2631702539945129,SAFE,1,,,,,,,,,,,,
joi,4.0.0,0.7895,0.02903769040307591,0.0,0.0,0.20463442260076897,0.2824982560403566,SAFE,1,,,,,,,,,,,,
joi,5.0.0,0.0,0.02903769040307591,0.0,0.0,0.007259422600768978,0.01097765790523883,SAFE,1,,,,,,,,,,,,
joi,7.0.0,0.0,0.02903769040307591,0.0,0.0,0.007259422600768978,0.01097765790523883,SAFE,1,,,,,,,,,,,,
joi,8.0.0,0.0,0.02903769040307591,0.0,0.0,0.007259422600768978,0.01097765790523883,SAFE,1,,,,,,,,,,,,
joi,10.0.0,0.0,0.02903769040307591,0.0,0.0,0.007259422600768978,0.01097765790523883,SAFE,1,,,,,,,,,,,,
superagent,2.0.0,0.0,0.02801926269341777,0.0,0.0,0.007004815673354443,0.010592642745883778,SAFE,1,,,,,,,,,,,,
superagent,4.0.0,0.0,0.02801926269341777,0.0,0.0,0.007004815673354443,0.010592642745883778,SAFE,1,,,,,,,,,,,,
superagent,6.0.0,0.0,0.02801926269341777,0.0,0.0,0.007004815673354443,0.010592642745883778,SAFE,1,,,,,,,,,,,,
superagent,7.0.0,0.0,0.02801926269341777,0.0,0.0,0.007004815673354443,0.010592642745883778,SAFE,1,,,,,,,,,,,,
superagent,8.0.0,0.0,0.02801926269341777,0.0,0.0,0.007004815673354443,0.010592642745883778,SAFE,1,,,,,,,,,,,,
superagent,9.0.0,0.0,0.02801926269341777,0.0,0.0,0.007004815673354443,0.010592642745883778,SAFE,1,,,,,,,,,,,,
html-webpack-plugin,1.0.0,0.0,0.022063921130055154,0.0,0.0,0.005515980282513789,0.008341234266629523,SAFE,1,,,,,,,,,,,,
html-webpack-plugin,3.0.0,0.0,0.022063921130055154,0.0,0.0,0.005515980282513789,0.008341234266629523,SAFE,1,,,,,,,,,,,,
nodemailer,1.0.0,0.9091,0.02171342197144131,0.0,0.0,0.23270335549286034,0.320861516096309,SAFE,1,,,,,,,,,,,,
nodemailer,2.0.0,0.0,0.02171342197144131,0.0,0.0,0.005428355492860327,0.008208728554021978,SAFE,1,,,,,,,,,,,,
request,2.0.0,0.0,0.020837760729218408,0.0,0.0,0.005209440182304602,0.007877686056338306,SAFE,1,,,,,,,,,,,,
supertest,1.0.0,0.0,0.020283687653052055,0.0,0.0,0.005070921913263014,0.007668219511298853,SAFE,1,,,,,,,,,,,,
supertest,2.0.0,0.0,0.020283687653052055,0.0,0.0,0.005070921913263014,0.007668219511298853,SAFE,1,,,,,,,,,,,,
supertest,3.0.0,0.0,0.020283687653052055,0.0,0.0,0.005070921913263014,0.007668219511298853,SAFE,1,,,,,,,,,,,,
supertest,5.0.0,0.0,0.020283687653052055,0.0,0.0,0.005070921913263014,0.007668219511298853,SAFE,1,,,,,,,,,,,,
supertest,7.0.0,0.0,0.020283687653052055,0.0,0.0,0.005070921913263014,0.007668219511298853,SAFE,1,,,,,,,,,,,,
connect,1.0.0,0.32,0.02027068939773275,0.0,0.0,0.08506767234943319,0.11771598622728487,SAFE,1,,,,,,,,,,,,
vue,2.0.0,0.6121,0.017749512220948796,0.0,0.0,0.1574623780552372,0.2172203213417859,SAFE,1,,,,,,,,,,,,
prisma,2.0.0,0.0,0.01767053031768243,0.0,0.0,0.004417632579420607,0.00668031906597919,SAFE,1,,,,,,,,,,,,
mongodb,1.0.0,0.0,0.016983569949180568,0.0,0.0,0.004245892487295142,0.006420614667482283,SAFE,1,,,,,,,,,,,,
mongodb,2.0.0,0.8333,0.016983569949180568,0.0,0.0,0.21257089248729516,0.2930046734717808,SAFE,1,,,,,,,,,,,,
sinon,1.0.0,0.0,0.015403330615377131,0.0,0.0,0.0038508326538442827,0.005823207415937956,SAFE,1,,,,,,,,,,,,
sinon,5.0.0,0.3582,0.015403330615377131,0.0,0.0,0.09340083265384429,0.12901342686115544,SAFE,1,,,,,,,,,,,,
sinon,8.0.0,0.1176,0.015403330615377131,0.0,0.0,0.03325083265384428,0.04626756756880667,SAFE,1,,,,,,,,,,,,
sinon,9.0.0,0.0,0.015403330615377131,0.0,0.0,0.0038508326538442827,0.005823207415937956,SAFE,1,,,,,,,,,,,,
sinon,10.0.0,0.0,0.015403330615377131,0.0,0.0,0.0038508326538442827,0.005823207415937956,SAFE,1,,,,,,,,,,,,
fstream,1.0.0,0.0,0.014548072138410221,0.0,0.0,0.0036370180346025553,0.005499878154885438,SAFE,1,,,,,,,,,,,,
puppeteer,1.0.0,0.0667,0.014267328473970586,0.0,0.0,0.020241832118492644,0.02833284903939607,SAFE,1,,,,,,,,,,,,
puppeteer,2.0.0,0.0,0.014267328473970586,0.0,0.0,0.0035668321184926465,0.0053937434084747864,SAFE,1,,,,,,,,,,,,
puppeteer,6.0.0,0.0,0.014267328473970586,0.0,0.0,0.0035668321184926465,0.0053937434084747864,SAFE,1,,,,,,,,,,,,
puppeteer,7.0.0,0.0,0.014267328473970586,0.0,0.0,0.0035668321184926465,0.0053937434084747864,SAFE,1,,,,,,,,,,,,
puppeteer,8.0.0,0.0018,0.014267328473970586,0.0,0.0,0.004016832118492647,0.006012789737345226,SAFE,1,,,,,,,,,,,,
puppeteer,10.0.0,0.0,0.014267328473970586,0.0,0.0,0.0035668321184926465,0.0053937434084747864,SAFE,1,,,,,,,,,,,,
react-native,1000.0.0,0.3409,0.011827854218672215,0.0,0.0,0.08818196355466805,0.12171200000215031,SAFE,1,,,,,,,,,,,,
babel-core,5.0.0,0.0505,0.010487845302083408,0.0,0.0,0.015246961325520853,0.021332603796607855,SAFE,1,,,,,,,,,,,,
better-sqlite3,1.0.0,0.0,0.009641122888921327,0.0,0.0,0.002410280722230332,0.0036448129113510735,SAFE,1,,,,,,,,,,,,
better-sqlite3,2.0.0,0.0,0.009641122888921327,0.0,0.0,0.002410280722230332,0.0036448129113510735,SAFE,1,,,,,,,,,,,,
better-sqlite3,4.0.0,0.0,0.009641122888921327,0.0,0.0,0.002410280722230332,0.0036448129113510735,SAFE,1,,,,,,,,,,,,
better-sqlite3,5.0.0,0.1429,0.009641122888921327,0.0,0.0,0.03813528072223033,0.05279021313112097,SAFE,1,,,,,,,,,,,,
better-sqlite3,6.0.0,0.0,0.009641122888921327,0.0,0.0,0.002410280722230332,0.0036448129113510735,SAFE,1,,,,,,,,,,,,
better-sqlite3,7.0.0,0.1429,0.009641122888921327,0.0,0.0,0.03813528072223033,0.05279021313112097,SAFE,1,,,,,,,,,,,,
bootstrap,4.0.0,0.0,0.008792765081177368,0.0,0.0,0.002198191270294342,0.0033240924385663285,SAFE,1,,,,,,,,,,,,
bcrypt,3.0.0,0.0,0.00714538410088038,0.0,0.0,0.001786346025220095,0.002701302382254492,SAFE,1,,,,,,,,,,,,
react-dnd,15.0.0,0.5377,0.00676537824853388,0.0,0.0,0.13611634456213345,0.18748053672438067,SAFE,1,,,,,,,,,,,,
rollup-plugin-terser,2.0.0,0.0,0.005833876980247106,0.0,0.0,0.0014584692450617764,0.0022054889649080556,SAFE,1,,,,,,,,,,,,
rollup-plugin-terser,3.0.0,0.0,0.005833876980247106,0.0,0.0,0.0014584692450617764,0.0022054889649080556,SAFE,1,,,,,,,,,,,,
rollup-plugin-terser,4.0.0,0.0,0.005833876980247106,0.0,0.0,0.0014584692450617764,0.0022054889649080556,SAFE,1,,,,,,,,,,,,
rollup-plugin-terser,5.0.0,0.0,0.005833876980247106,0.0,0.0,0.0014584692450617764,0.0022054889649080556,SAFE,1,,,,,,,,,,,,
rollup-plugin-terser,6.0.0,0.0,0.005833876980247106,0.0,0.0,0.0014584692450617764,0.0022054889649080556,SAFE,1,,,,,,,,,,,,
rollup-plugin-terser,7.0.0,0.0,0.005833876980247106,0.0,0.0,0.0014584692450617764,0.0022054889649080556,SAFE,1,,,,,,,,,,,,
mobx-react,8.0.0,0.037,0.004062206011727185,0.0,0.0,0.010265551502931796,0.01426055245839284,SAFE,1,,,,,,,,,,,,
react-beautiful-dnd,3.0.0,0.0,0.003225791455819071,0.0,0.0,0.0008064478639547677,0.0012195059105621227,SAFE,1,,,,,,,,,,,,
react-beautiful-dnd,5.0.0,0.0513,0.003225791455819071,0.0,0.0,0.013631447863954767,0.018862326283369646,SAFE,1,,,,,,,,,,,,
react-beautiful-dnd,8.0.0,0.2018,0.003225791455819071,0.0,0.0,0.05125644786395477,0.0706214776694814,SAFE,1,,,,,,,,,,,,
electron-builder,24.0.0,0.0,0.0031067597831113264,0.0,0.0,0.0007766899457778316,0.001174506154564464,SAFE,1,,,,,,,,,,,,
tslint,6.0.0,0.0,0.0029485760682007697,0.0,0.0,0.0007371440170501924,0.001114705024227873,SAFE,1,,,,,,,,,,,,
react-query,4.0.0,0.7747,0.0023963861314976386,0.0,0.0,0.19427409653287442,0.2673366120507009,SAFE,1,,,,,,,,,,,,
levelup,2.0.0,1.0,0.001480046014853781,0.0,0.0,0.25037001150371346,0.3444741564588615,WAIT,1,,,,,,,,,,,,
levelup,4.0.0,0.0,0.001480046014853781,0.0,0.0,0.00037001150371344525,0.0005595293086173194,SAFE,1,,,,,,,,,,,,
levelup,5.0.0,0.0,0.001480046014853781,0.0,0.0,0.00037001150371344525,0.0005595293086173194,SAFE,1,,,,,,,,,,,,
node-sass,1.0.0,0.0,0.001287834958038698,0.0,0.0,0.0003219587395096745,0.0004868641896622356,SAFE,1,,,,,,,,,,,,
node-sass,2.0.0,0.5,0.001287834958038698,0.0,0.0,0.1253219587395097,0.17244417776478432,SAFE,1,,,,,,,,,,,,
node-sass,5.0.0,0.0,0.001287834958038698,0.0,0.0,0.0003219587395096745,0.0004868641896622356,SAFE,1,,,,,,,,,,,,
node-sass,6.0.0,0.0,0.001287834958038698,0.0,0.0,0.0003219587395096745,0.0004868641896622356,SAFE,1,,,,,,,,,,,,
node-sass,7.0.0,0.0,0.001287834958038698,0.0,0.0,0.0003219587395096745,0.0004868641896622356,SAFE,1,,,,,,,,,,,,
node-sass,8.0.0,0.0,0.001287834958038698,0.0,0.0,0.0003219587395096745,0.0004868641896622356,SAFE,1,,,,,,,,,,,,
node-sass,9.0.0,0.0,0.001287834958038698,0.0,0.0,0.0003219587395096745,0.0004868641896622356,SAFE,1,,,,,,,,,,,,
graphql-tools,1.0.0,0.0,0.0012827923754258012,0.0,0.0,0.0003206980938564503,0.0004849578484169477,SAFE,1,,,,,,,,,,,,
graphql-tools,2.0.0,0.087,0.0012827923754258012,0.0,0.0,0.02207069809385645,0.030405530410488192,SAFE,1,,,,,,,,,,,,
graphql-tools,4.0.0,0.0115,0.0012827923754258012,0.0,0.0,0.0031956980938564502,0.004439976060644756,SAFE,1,,,,,,,,,,,,
graphql-tools,9.0.0,0.0,0.0012827923754258012,0.0,0.0,0.0003206980938564503,0.0004849578484169477,SAFE,1,,,,,,,,,,,,
cuid,3.0.0,0.0,0.0011041460467766833,0.0,0.0,0.0002760365116941708,0.0004174208558147693,SAFE,1,,,,,,,,,,,,
apollo-server-express,2.0.0,0.25,0.0010367343861989735,0.0,0.0,0.06275918359654975,0.08637059276016458,SAFE,1,,,,,,,,,,,,
apollo-server-express,3.0.0-lambda.0,0.0,0.0010367343861989735,0.0,0.0,0.0002591835965497434,0.00039193597260354175,SAFE,1,,,,,,,,,,,,
apollo-server-express,3.0.0-html.0,0.0,0.0010367343861989735,0.0,0.0,0.0002591835965497434,0.00039193597260354175,SAFE,1,,,,,,,,,,,,
apollo-server-express,3.0.0-html.2,0.0,0.0010367343861989735,0.0,0.0,0.0002591835965497434,0.00039193597260354175,SAFE,1,,,,,,,,,,,,
leveldown,1.0.0,0.0,0.0008619434132875656,0.0,0.0,0.0002154858533218914,0.0003258564918008245,SAFE,1,,,,,,,,,,,,
leveldown,2.0.0,0.0,0.0008619434132875656,0.0,0.0,0.0002154858533218914,0.0003258564918008245,SAFE,1,,,,,,,,,,,,
leveldown,3.0.0,0.0,0.0008619434132875656,0.0,0.0,0.0002154858533218914,0.0003258564918008245,SAFE,1,,,,,,,,,,,,
leveldown,6.0.0,0.0,0.0008619434132875656,0.0,0.0,0.0002154858533218914,0.0003258564918008245,SAFE,1,,,,,,,,,,,,
csurf,1.0.0,1.0,0.0005873112531960482,0.0,0.0,0.250146827813299,0.34413665934123416,WAIT,1,,,,,,,,,,,,
tap,3.0.0,0.0,0.0004557615048547419,0.0,0.0,0.00011394037621368547,0.00017229999415319282,SAFE,1,,,,,,,,,,,,
tap,4.0.0,0.0,0.0004557615048547419,0.0,0.0,0.00011394037621368547,0.00017229999415319282,SAFE,1,,,,,,,,,,,,
tap,6.0.0,0.0,0.0004557615048547419,0.0,0.0,0.00011394037621368547,0.00017229999415319282,SAFE,1,,,,,,,,,,,,
tap,8.0.0,0.0,0.0004557615048547419,0.0,0.0,0.00011394037621368547,0.00017229999415319282,SAFE,1,,,,,,,,,,,,
tap,9.0.0,0.0,0.0004557615048547419,0.0,0.0,0.00011394037621368547,0.00017229999415319282,SAFE,1,,,,,,,,,,,,
apollo-server,2.0.0,1.0,0.0002773197745065061,0.0,0.0,0.25006932994362663,0.3440194674998943,WAIT,1,,,,,,,,,,,,
apollo-server,3.0.0-lambda.0,0.0,0.0002773197745065061,0.0,0.0,6.932994362662653e-05,0.00010484034965011946,SAFE,1,,,,,,,,,,,,
apollo-server,3.0.0-html.0,0.0,0.0002773197745065061,0.0,0.0,6.932994362662653e-05,0.00010484034965011946,SAFE,1,,,,,,,,,,,,
apollo-server,3.0.0-html.2,0.0,0.0002773197745065061,0.0,0.0,6.932994362662653e-05,0.00010484034965011946,SAFE,1,,,,,,,,,,,,
hapi,4.0.0,0.1042,8.538569090146067e-05,0.0,0.0,0.026071346422725364,0.03586818408908192,SAFE,1,,,,,,,,,,,,
hapi,6.0.0,0.0638,8.538569090146067e-05,0.0,0.0,0.015971346422725363,0.021974033152212052,SAFE,1,,,,,,,,,,,,
hapi,8.0.0,0.5882,8.538569090146067e-05,0.0,0.0,0.14707134642272535,0.20232286362980006,SAFE,1,,,,,,,,,,,,
hapi,9.0.0,0.0,8.538569090146067e-05,0.0,0.0,2.1346422725365168e-05,3.227994002647706e-05,SAFE,1,,,,,,,,,,,,
uws,99.0.0,0.0,7.808974332850872e-05,0.0,0.0,1.952243583212718e-05,2.9521717335944487e-05,SAFE,1,,,,,,,,,,,,
sendgrid,2.0.0,0.0,6.729474726292012e-05,0.0,0.0,1.682368681573003e-05,2.5440684297453317e-05,SAFE,1,,,,,,,,,,,,
sendgrid,3.0.0,0.0,6.729474726292012e-05,0.0,0.0,1.682368681573003e-05,2.5440684297453317e-05,SAFE,1,,,,,,,,,,,,
sendgrid,4.0.0,0.0,6.729474726292012e-05,0.0,0.0,1.682368681573003e-05,2.5440684297453317e-05,SAFE,1,,,,,,,,,,,,
sendgrid,5.0.0,0.0,6.729474726292012e-05,0.0,0.0,1.682368681573003e-05,2.5440684297453317e-05,SAFE,1,,,,,,,,,,,,
react-testing-library,1.0.0,0.0,5.8253450919178054e-05,0.0,0.0,1.4563362729794514e-05,2.202263496557624e-05,SAFE,1,,,,,,,,,,,,
react-testing-library,3.0.0,0.0,5.8253450919178054e-05,0.0,0.0,1.4563362729794514e-05,2.202263496557624e-05,SAFE,1,,,,,,,,,,,,
react-testing-library,4.0.0,0.2,5.8253450919178054e-05,0.0,0.0,0.050014563362729796,0.06880494806501442,SAFE,1,,,,,,,,,,,,
react-testing-library,5.0.0,0.0,5.8253450919178054e-05,0.0,0.0,1.4563362729794514e-05,2.202263496557624e-05,SAFE,1,,,,,,,,,,,,
react-testing-library,6.0.0,0.3,5.8253450919178054e-05,0.0,0.0,0.0750145633627298,0.10319641078003883,SAFE,1,,,,,,,,,,,,
react-testing-library,7.0.0,0.0,5.8253450919178054e-05,0.0,0.0,1.4563362729794514e-05,2.202263496557624e-05,SAFE,1,,,,,,,,,,,,
react-testing-library,8.0.0,1.0,5.8253450919178054e-05,0.0,0.0,0.2500145633627298,0.34393664978520977,WAIT,1,,,,,,,,,,,,
prebuild,2.0.0,0.0,1.1961345563134137e-05,0.0,0.0,2.9903363907835343e-06,4.521969821144029e-06,SAFE,1,,,,,,,,,,,,
prebuild,3.0.0,0.0,1.1961345563134137e-05,0.0,0.0,2.9903363907835343e-06,4.521969821144029e-06,SAFE,1,,,,,,,,,,,,
prebuild,4.0.0,0.0,1.1961345563134137e-05,0.0,0.0,2.9903363907835343e-06,4.521969821144029e-06,SAFE,1,,,,,,,,,,,,
prebuild,5.0.0,0.1739,1.1961345563134137e-05,0.0,0.0,0.043477990336390784,0.05981127563124861,SAFE,1,,,,,,,,,,,,
prebuild,6.0.0,0.55,1.1961345563134137e-05,0.0,0.0,0.1375029903363908,0.18915756690245547,SAFE,1,,,,,,,,,,,,
prebuild,7.0.0,0.0,1.1961345563134137e-05,0.0,0.0,2.9903363907835343e-06,4.521969821144029e-06,SAFE,1,,,,,,,,,,,,
prebuild,8.0.0,0.0,1.1961345563134137e-05,0.0,0.0,2.9903363907835343e-06,4.521969821144029e-06,SAFE,1,,,,,,,,,,,,
prebuild,9.0.0,0.0,1.1961345563134137e-05,0.0,0.0,2.9903363907835343e-06,4.521969821144029e-06,SAFE,1,,,,,,,,,,,,
prebuild,10.0.0,0.0,1.1961345563134137e-05,0.0,0.0,2.9903363907835343e-06,4.521969821144029e-06,SAFE,1,,,,,,,,,,,,
prebuild,11.0.0,0.0,1.1961345563134137e-05,0.0,0.0,2.9903363907835343e-06,4.521969821144029e-06,SAFE,1,,,,,,,,,,,,
swc,1.0.0,0.1579,0.0,0.0,0.0,0.039475,0.05430411962702356,SAFE,1,,,,,,,,,,,,
cross-env,7.0.0,0.0,0.02779241885074657,0.0,0.0,0.006948104712686642,0.010506884751078156,SAFE,0,,,,,,,,,,,,
nodemon,2.0.0,0.0,0.017828573458250202,0.0,0.0,0.0044571433645625505,0.006740067052383742,SAFE,0,,,,,,,,,,,,
dotenv,8.0.0,0.0,0.18861292985546285,0.0,0.0,0.04715323246386571,0.07130485213241172,SAFE,0,,,,,,,,,,,,
commander,6.0.0,0.0,0.5745777606045109,0.0,0.0,0.14364444015112773,0.2172183120736899,SAFE,0,,,,,,,,,,,,
minimatch,3.0.0,0.0,0.8484756299205892,0.0,0.0,0.2121189074801473,0.32076501529245616,SAFE,0,,,,,,,,,,,,
inquirer,7.0.0,0.0,0.06362621343494325,0.0,0.0,0.015906553358735812,0.02405380025749329,SAFE,0,,,,,,,,,,,,
ora,4.0.0,0.0,0.09726236617183386,0.0,0.0,0.024315591542958464,0.036769900362852714,SAFE,0,,,,,,,,,,,,
chai,4.0.0,0.0,0.10494377137634697,0.0,0.0,0.026235942844086743,0.03967384476738889,SAFE,0,,,,,,,,,,,,
sinon,8.0.0,0.1176,0.015403330615377131,0.0,0.0,0.03325083265384428,0.04626756756880667,SAFE,0,,,,,,,,,,,,
nock,12.0.0,0.0,0.008838764903246438,0.0,0.0,0.0022096912258116096,0.0033414826064263256,SAFE,0,,,,,,,,,,,,
supertest,5.0.0,0.0,0.020283687653052055,0.0,0.0,0.005070921913263014,0.007668219511298853,SAFE,0,,,,,,,,,,,,
nyc,13.0.0,0.0,0.011027812230090302,0.0,0.0,0.0027569530575225756,0.0041690488611420915,SAFE,0,,,,,,,,,,,,
execa,4.0.0,0.0,0.19049655784932057,0.0,0.0,0.04762413946233014,0.07201695503902275,SAFE,0,,,,,,,,,,,,
fast-glob,3.0.0,0.0,0.19646579678706622,0.0,0.0,0.049116449196766554,0.07427361740106314,SAFE,0,,,,,,,,,,,,
chokidar,3.0.0,0.0,0.24774787654800187,0.0,0.0,0.06193696913700047,0.09366073533193998,SAFE,0,,,,,,,,,,,,
glob,7.0.0,0.0,0.4925150898901939,0.0,0.0,0.12312877247254847,0.18619463514253123,SAFE,0,,,,,,,,,,,,
async,3.0.0,0.0,0.12650147316343935,0.0,0.0,0.03162536829085984,0.0478237035253288,SAFE,0,,,,,,,,,,,,
debug,4.0.0,0.0,0.8508974920201096,0.0,0.0,0.2127243730050274,0.3216805968436453,SAFE,0,,,,,,,,,,,,
ms,2.0.0,0.0,0.6420340667583936,0.0,0.0,0.1605085166895984,0.2427200734820263,SAFE,0,,,,,,,,,,,,
mime,3.0.0,0.0,0.17289117051717887,0.0,0.0,0.043222792629294716,0.06536126318685655,SAFE,0,,,,,,,,,,,,
p-queue,7.0.0,0.0,0.036243106707450484,0.0,0.0,0.009060776676862621,0.013701655377361321,SAFE,0,,,,,,,,,,,,
leven,4.0.0,0.0,0.07512851000215677,0.0,0.0,0.018782127500539193,0.028402227253123,SAFE,0,,,,,,,,,,,,
strip-ansi,7.0.0,0.0,0.6766034382758382,0.0,0.0,0.16915085956895956,0.25578897563126246,SAFE,0,,,,,,,,,,,,
ansi-regex,6.0.0,0.0,0.6278249959108176,0.0,0.0,0.1569562489777044,0.23734835428704967,SAFE,0,,,,,,,,,,,,
is-stream,3.0.0,0.0,0.21834949186689742,0.0,0.0,0.054587372966724355,0.08254671746357699,SAFE,0,,,,,,,,,,,,
pretty-bytes,6.0.0,0.0,0.0386869638202283,0.0,0.0,0.009671740955057075,0.014625552112293026,SAFE,0,,,,,,,,,,,,
filesize,10.0.0,0.0,0.024434092234361538,0.0,0.0,0.0061085230585903845,0.009237274109977446,SAFE,0,,,,,,,,,,,,
boxen,7.0.0,0.0,0.03514176240475323,0.0,0.0,0.008785440601188308,0.0132852937169445,SAFE,0,,,,,,,,,,,,
string-length,6.0.0,0.0,0.06540754506201027,0.0,0.0,0.016351886265502567,0.024727230166906915,SAFE,0,,,,,,,,,,,,
camelcase,8.0.0,0.0,0.21520736302241184,0.0,0.0,0.05380184075560296,0.08135884008524072,SAFE,0,,,,,,,,,,,,
decamelize,6.0.0,0.0,0.0805889282756856,0.0,0.0,0.0201472320689214,0.030466530680642315,SAFE,0,,,,,,,,,,,,
escape-string-regexp,5.0.0,0.0,0.41756014883844395,0.0,0.0,0.10439003720961099,0.1578580253863265,SAFE,0,,,,,,,,,,,,
get-port,7.0.0,0.0,0.02779873216974522,0.0,0.0,0.006949683042436305,0.010509271492421967,SAFE,0,,,,,,,,,,,,
find-up,7.0.0,0.0,0.38042411529746145,0.0,0.0,0.09510602882436536,0.14381880027883664,SAFE,0,,,,,,,,,,,,
pkg-dir,7.0.0,0.0,0.11753899866306843,0.0,0.0,0.029384749665767106,0.04443545268017631,SAFE,0,,,,,,,,,,,,
unique-string,3.0.0,0.0,0.042016393362307794,0.0,0.0,0.010504098340576948,0.015884238255205862,SAFE,0,,,,,,,,,,,,
temp-dir,3.0.0,0.0,0.02817566487210296,0.0,0.0,0.00704391621802574,0.010651770368962856,SAFE,0,,,,,,,,,,,,
normalize-url,8.0.0,0.0,0.0617336902863853,0.0,0.0,0.015433422571596325,0.02333833455019262,SAFE,0,,,,,,,,,,,,
repeat-string,2.0.0,0.0,0.035040874565040715,0.0,0.0,0.008760218641260179,0.013247153211422573,SAFE,0,,,,,,,,,,,,
is-plain-obj,4.0.0,0.0,0.14040018787412958,0.0,0.0,0.035100046968532396,0.05307809302044877,SAFE,0,,,,,,,,,,,,
