package,breaking_version,published_at,weekly_downloads,confidence,discovery_method,dependent_count
glob,4.0.0,2014-05-20T23:32:16+00:00,353879984,0.9,deprecated+quick_patch,110016
glob,5.0.0,2015-03-06T07:11:10+00:00,353879984,0.9,deprecated+quick_patch,110016
glob,10.0.0,2023-04-09T22:26:50+00:00,353879984,0.9,deprecated+quick_patch,110016
uuid,3.0.0,2016-11-18T05:55:37+00:00,261337841,0.9,deprecated+quick_patch,113344
uuid,7.0.0,2020-02-24T13:23:46+00:00,261337841,0.9,deprecated+quick_patch,113344
graceful-fs,3.0.0,2014-06-02T01:48:19+00:00,161096183,0.9,deprecated+quick_patch,10712
eslint,1.0.0,2015-07-31T17:19:53+00:00,132905621,0.9,deprecated+quick_patch,4132
eslint,2.0.0,2016-02-12T17:50:19+00:00,132905621,0.9,deprecated+quick_patch,4132
eslint,3.0.0,2016-07-01T18:08:45+00:00,132905621,0.9,deprecated+quick_patch,4132
eslint,4.0.0,2017-06-12T01:21:22+00:00,132905621,0.9,deprecated+quick_patch,4132
eslint,5.0.0,2018-06-23T02:40:29+00:00,132905621,0.9,deprecated+quick_patch,4132
eslint,6.0.0,2019-06-22T03:01:41+00:00,132905621,0.9,deprecated+quick_patch,4132
eslint,7.0.0,2020-05-08T18:51:12+00:00,132905621,0.9,deprecated+quick_patch,4132
eslint,8.0.0,2021-10-09T20:46:13+00:00,132905621,0.9,deprecated+quick_patch,4132
express,1.0.0,2010-12-29T19:38:25+00:00,105166397,0.9,deprecated+quick_patch,1684
express,2.0.0,2011-03-18T01:06:40+00:00,105166397,0.9,deprecated+quick_patch,1684
express,3.0.0,2012-10-23T22:30:10+00:00,105166397,0.9,deprecated+quick_patch,1684
tar,2.0.0,2015-03-27T01:45:53+00:00,81073093,0.9,deprecated+quick_patch,8616
tar,4.0.0,2017-08-18T22:24:34+00:00,81073093,0.9,deprecated+quick_patch,8616
tar,6.0.0,2020-01-28T01:46:19+00:00,81073093,0.9,deprecated+quick_patch,8616
tar,7.0.0,2024-04-10T20:07:24+00:00,81073093,0.9,deprecated+quick_patch,8616
jsonwebtoken,4.0.0,2015-03-06T15:10:53+00:00,44625727,0.9,deprecated+quick_patch,65760
graphql,14.0.0,2018-08-30T17:22:47+00:00,39640273,0.9,deprecated+quick_patch,60856
next,14.0.0,2023-10-26T16:13:48+00:00,36029905,0.9,deprecated+quick_patch,17296
formidable,1.0.0,2011-04-13T20:44:27+00:00,21622708,0.9,deprecated+quick_patch,13352
gauge,2.0.0,2016-02-21T01:14:51+00:00,21243092,0.9,deprecated+quick_patch,6064
npmlog,3.0.0,2016-06-07T01:30:36+00:00,21079784,0.9,deprecated+quick_patch,3748
npmlog,7.0.0,2022-10-14T17:52:29+00:00,21079784,0.9,deprecated+quick_patch,3748
joi,1.0.0,2013-08-16T14:52:39+00:00,20880260,0.9,deprecated+quick_patch,55792
joi,3.0.0,2014-04-08T07:00:54+00:00,20880260,0.9,deprecated+quick_patch,55792
joi,6.0.0,2015-03-02T22:30:48+00:00,20880260,0.9,deprecated+quick_patch,55792
joi,9.0.0,2016-07-09T13:47:00+00:00,20880260,0.9,deprecated+quick_patch,55792
superagent,1.0.0,2015-03-11T18:16:36+00:00,20148539,0.9,deprecated+quick_patch,15432
superagent,3.0.0,2016-11-19T22:43:03+00:00,20148539,0.9,deprecated+quick_patch,15432
superagent,10.0.0,2024-08-05T10:33:29+00:00,20148539,0.9,deprecated+quick_patch,15432
multer,1.0.0,2015-07-18T17:39:55+00:00,16410589,0.9,deprecated+quick_patch,73448
nodemailer,3.0.0,2017-01-31T10:17:16+00:00,15617912,0.9,deprecated+quick_patch,55360
nodemailer,4.0.0,2017-04-06T17:39:41+00:00,15617912,0.9,deprecated+quick_patch,55360
request,1.0.0,2011-01-22T00:36:12+00:00,14988766,0.9,deprecated+quick_patch,110944
supertest,4.0.0,2019-03-09T11:14:11+00:00,14590675,0.9,deprecated+quick_patch,52600
supertest,6.0.0,2020-10-28T18:41:30+00:00,14590675,0.9,deprecated+quick_patch,52600
connect,2.0.0,2012-02-28T15:53:07+00:00,14581336,0.9,deprecated+quick_patch,122848
mocha,1.0.0,2012-03-24T17:43:35+00:00,13755239,0.9,deprecated+quick_patch,128896
mocha,2.0.0,2014-10-22T05:04:03+00:00,13755239,0.9,deprecated+quick_patch,128896
sinon,2.0.0,2017-03-15T06:18:52+00:00,11084231,0.9,deprecated+quick_patch,33184
sinon,3.0.0,2017-08-03T14:13:59+00:00,11084231,0.9,deprecated+quick_patch,33184
sinon,4.0.0,2017-09-26T07:57:48+00:00,11084231,0.9,deprecated+quick_patch,33184
sinon,6.0.0,2018-06-11T05:23:51+00:00,11084231,0.9,deprecated+quick_patch,33184
sinon,7.0.0,2018-10-14T10:37:14+00:00,11084231,0.9,deprecated+quick_patch,33184
puppeteer,3.0.0,2020-04-16T09:19:09+00:00,10268035,0.9,deprecated+quick_patch,41328
puppeteer,4.0.0,2020-06-15T13:50:32+00:00,10268035,0.9,deprecated+quick_patch,41328
puppeteer,5.0.0,2020-07-02T13:35:26+00:00,10268035,0.9,deprecated+quick_patch,41328
puppeteer,9.0.0,2021-04-21T11:27:32+00:00,10268035,0.9,deprecated+quick_patch,41328
log4js,1.0.0,2016-11-03T21:40:19+00:00,7565105,0.9,deprecated+quick_patch,7096
log4js,2.0.0,2017-07-08T02:45:13+00:00,7565105,0.9,deprecated+quick_patch,7096
log4js,3.0.0,2018-07-15T22:07:12+00:00,7565105,0.9,deprecated+quick_patch,7096
log4js,4.0.0,2019-01-24T21:25:03+00:00,7565105,0.9,deprecated+quick_patch,7096
log4js,5.0.0,2019-08-11T22:46:47+00:00,7565105,0.9,deprecated+quick_patch,7096
better-sqlite3,3.0.0,2017-06-06T04:57:11+00:00,6944194,0.9,deprecated+quick_patch,19360
bcrypt,1.0.0,2016-12-05T01:01:21+00:00,5151053,0.9,deprecated+quick_patch,64468
bcrypt,2.0.0,2018-04-07T15:36:38+00:00,5151053,0.9,deprecated+quick_patch,64468
bcrypt,4.0.0,2020-02-21T09:58:15+00:00,5151053,0.9,deprecated+quick_patch,64468
react-dnd,1.0.0,2015-05-19T00:46:44+00:00,4878026,0.9,deprecated+quick_patch,6464
sequelize,1.0.0,2011-05-03T17:08:41+00:00,2974383,0.9,deprecated+quick_patch,47176
chrono-node,2.0.0,2020-07-06T04:30:15+00:00,2538392,0.9,deprecated+quick_patch,2028
react-beautiful-dnd,2.0.0,2017-08-22T23:56:59+00:00,2334900,0.9,deprecated+quick_patch,4300
react-beautiful-dnd,4.0.0,2018-01-11T03:15:55+00:00,2334900,0.9,deprecated+quick_patch,4300
react-beautiful-dnd,6.0.0,2018-03-13T06:37:04+00:00,2334900,0.9,deprecated+quick_patch,4300
react-beautiful-dnd,7.0.0,2018-04-11T05:32:06+00:00,2334900,0.9,deprecated+quick_patch,4300
react-beautiful-dnd,9.0.0,2018-08-09T05:47:30+00:00,2334900,0.9,deprecated+quick_patch,4300
react-beautiful-dnd,10.0.0,2018-11-11T23:38:24+00:00,2334900,0.9,deprecated+quick_patch,4300
react-beautiful-dnd,11.0.0,2019-04-15T04:57:04+00:00,2334900,0.9,deprecated+quick_patch,4300
serverless,1.0.0,2016-10-12T05:29:52+00:00,1416616,0.9,deprecated+quick_patch,53744
levelup,1.0.0,2015-05-14T13:22:30+00:00,1080615,0.9,deprecated+quick_patch,4256
levelup,3.0.0,2018-05-23T12:19:49+00:00,1080615,0.9,deprecated+quick_patch,4256
node-sass,3.0.0,2015-05-06T13:51:55+00:00,942515,0.9,deprecated+quick_patch,88960
node-sass,4.0.0,2016-12-10T13:42:01+00:00,942515,0.9,deprecated+quick_patch,88960
graphql-tools,3.0.0,2018-04-26T19:00:46+00:00,938892,0.9,deprecated+quick_patch,10880
graphql-tools,5.0.0,2020-04-14T14:42:30+00:00,938892,0.9,deprecated+quick_patch,10880
graphql-tools,6.0.0,2020-05-21T13:52:05+00:00,938892,0.9,deprecated+quick_patch,10880
graphql-tools,7.0.0,2020-10-24T18:58:24+00:00,938892,0.9,deprecated+quick_patch,10880
graphql-tools,8.0.0,2021-07-28T10:09:57+00:00,938892,0.9,deprecated+quick_patch,10880
apollo-server-express,3.0.0,2021-07-07T18:17:52+00:00,762104,0.9,deprecated+quick_patch,5204
leveldown,4.0.0,2018-05-16T20:28:52+00:00,636520,0.9,deprecated+quick_patch,1764
leveldown,5.0.0,2019-03-29T08:54:36+00:00,636520,0.9,deprecated+quick_patch,1764
tap,1.0.0,2015-05-07T00:24:43+00:00,344686,0.9,deprecated+quick_patch,46736
tap,2.0.0,2015-09-27T18:35:57+00:00,344686,0.9,deprecated+quick_patch,46736
tap,5.0.0,2016-01-04T07:57:34+00:00,344686,0.9,deprecated+quick_patch,46736
tap,7.0.0,2016-08-27T07:34:10+00:00,344686,0.9,deprecated+quick_patch,46736
tap,10.0.0,2017-01-28T09:43:10+00:00,344686,0.9,deprecated+quick_patch,46736
oclif,2.0.0-master.0,2021-12-01T12:59:42+00:00,318247,0.9,deprecated+quick_patch,3744
gatsby,3.0.0-reach-router.14,2021-02-26T10:17:36+00:00,315646,0.9,deprecated+quick_patch,7732
gatsby,3.0.0-reach-router.16,2021-02-26T10:31:50+00:00,315646,0.9,deprecated+quick_patch,7732
gatsby,3.0.0-reach-router.18,2021-02-26T10:42:07+00:00,315646,0.9,deprecated+quick_patch,7732
apollo-server,3.0.0,2021-07-07T18:17:59+00:00,216479,0.9,deprecated+quick_patch,1113
hapi,1.0.0,2013-04-30T20:22:11+00:00,78578,0.9,deprecated+quick_patch,9652
hapi,2.0.0,2014-01-17T09:14:39+00:00,78578,0.9,deprecated+quick_patch,9652
hapi,3.0.0,2014-03-12T23:44:08+00:00,78578,0.9,deprecated+quick_patch,9652
hapi,5.0.0,2014-05-19T19:41:17+00:00,78578,0.9,deprecated+quick_patch,9652
hapi,7.0.0,2014-10-10T00:26:33+00:00,78578,0.9,deprecated+quick_patch,9652
hapi,10.0.0,2015-09-11T20:47:37+00:00,78578,0.9,deprecated+quick_patch,9652
react-testing-library,2.0.0,2018-04-06T13:40:37+00:00,59084,0.9,deprecated+quick_patch,3856
debug,4.0.0,2018-09-11T08:58:14+00:00,611370945,0.7,deprecated,230144
minimatch,1.0.0,2014-07-28T21:29:33+00:00,609630883,0.7,deprecated,15800
minimatch,2.0.0,2014-12-01T02:12:02+00:00,609630883,0.7,deprecated,15800
minimatch,3.0.0,2015-09-27T18:18:59+00:00,609630883,0.7,deprecated,15800
glob,3.0.0,2012-01-18T02:44:42+00:00,353879984,0.7,deprecated,110016
glob,7.0.0,2016-02-10T19:27:17+00:00,353879984,0.7,deprecated,110016
glob,9.0.0,2023-02-27T20:51:32+00:00,353879984,0.7,deprecated,110016
glob,11.0.0,2024-07-08T22:16:14+00:00,353879984,0.7,deprecated,110016
uuid,2.0.0,2014-09-29T09:03:24+00:00,261337841,0.7,deprecated,113344
uuid,8.0.0,2020-04-29T20:42:26+00:00,261337841,0.7,deprecated,113344
uuid,9.0.0,2022-09-05T20:03:54+00:00,261337841,0.7,deprecated,113344
uuid,10.0.0,2024-06-09T13:42:04+00:00,261337841,0.7,deprecated,113344
graceful-fs,2.0.0,2013-07-11T07:10:06+00:00,161096183,0.7,deprecated,10712
rimraf,2.0.0,2012-01-30T02:20:45+00:00,139337814,0.7,deprecated,98656
rimraf,3.0.0,2019-08-14T18:12:42+00:00,139337814,0.7,deprecated,98656
rimraf,4.0.0,2023-01-13T00:29:41+00:00,139337814,0.7,deprecated,98656
react-dom,16.0.0,2017-09-26T16:00:34+00:00,126336192,0.7,deprecated,2996
ajv-formats,1.0.0,2020-01-14T17:57:35+00:00,90710518,0.7,deprecated,2032
rxjs,6.0.0-smoosh.0,2018-04-01T06:40:06+00:00,87995984,0.7,deprecated,88664
rxjs,6.0.0-smoosh.1,2018-04-01T20:21:39+00:00,87995984,0.7,deprecated,88664
rxjs,6.0.0-smoosh.2,2018-04-02T03:23:50+00:00,87995984,0.7,deprecated,88664
eslint-plugin-react-hooks,2.0.0,2019-08-21T18:18:54+00:00,82168492,0.7,deprecated,107380
eslint-plugin-react-hooks,6.0.0,2025-04-21T18:10:52+00:00,82168492,0.7,deprecated,107380
tar,1.0.0,2014-07-31T22:28:36+00:00,81073093,0.7,deprecated,8616
tar,3.0.0,2017-05-10T01:24:27+00:00,81073093,0.7,deprecated,8616
tar,5.0.0,2019-09-25T06:00:08+00:00,81073093,0.7,deprecated,8616
eslint-config-prettier,10.0.0,2025-01-13T14:35:41+00:00,56677772,0.7,deprecated,172784
bluebird,3.0.0,2015-10-27T14:29:25+00:00,46641257,0.7,deprecated,9896
jsonwebtoken,1.0.0,2014-08-23T22:43:24+00:00,44625727,0.7,deprecated,65760
jsonwebtoken,2.0.0,2014-12-20T03:05:25+00:00,44625727,0.7,deprecated,65760
jsonwebtoken,3.0.0,2014-12-29T16:08:34+00:00,44625727,0.7,deprecated,65760
formidable,2.0.0-dev.20200130.1,2020-01-30T01:15:59+00:00,21622708,0.7,deprecated,13352
formidable,2.0.0-dev.20200131.2,2020-01-31T09:15:48+00:00,21622708,0.7,deprecated,13352
formidable,2.0.0,2021-10-30T16:17:26+00:00,21622708,0.7,deprecated,13352
gauge,3.0.0,2020-01-31T21:47:56+00:00,21243092,0.7,deprecated,6064
gauge,4.0.0,2021-11-15T15:05:40+00:00,21243092,0.7,deprecated,6064
gauge,5.0.0,2022-10-14T05:22:34+00:00,21243092,0.7,deprecated,6064
npmlog,1.0.0,2015-01-07T17:41:44+00:00,21079784,0.7,deprecated,3748
npmlog,2.0.0,2015-11-05T07:19:06+00:00,21079784,0.7,deprecated,3748
npmlog,4.0.0,2016-07-19T00:29:10+00:00,21079784,0.7,deprecated,3748
npmlog,5.0.0,2021-07-22T17:06:12+00:00,21079784,0.7,deprecated,3748
npmlog,6.0.0,2021-11-16T17:35:18+00:00,21079784,0.7,deprecated,3748
are-we-there-yet,2.0.0,2021-09-02T14:27:09+00:00,21054739,0.7,deprecated,1280
are-we-there-yet,3.0.0,2022-02-09T18:30:21+00:00,21054739,0.7,deprecated,1280
are-we-there-yet,4.0.0,2022-10-14T05:22:38+00:00,21054739,0.7,deprecated,1280
joi,2.0.0,2013-11-06T08:11:10+00:00,20880260,0.7,deprecated,55792
joi,4.0.0,2014-04-23T07:33:49+00:00,20880260,0.7,deprecated,55792
joi,5.0.0,2014-11-30T00:35:36+00:00,20880260,0.7,deprecated,55792
joi,7.0.0,2015-11-01T23:56:15+00:00,20880260,0.7,deprecated,55792
joi,8.0.0,2016-02-14T20:57:48+00:00,20880260,0.7,deprecated,55792
joi,10.0.0,2016-11-17T23:54:02+00:00,20880260,0.7,deprecated,55792
superagent,2.0.0,2016-05-29T17:57:10+00:00,20148539,0.7,deprecated,15432
superagent,4.0.0,2018-11-17T15:18:37+00:00,20148539,0.7,deprecated,15432
superagent,6.0.0,2020-08-08T23:55:44+00:00,20148539,0.7,deprecated,15432
superagent,7.0.0,2022-01-07T02:32:00+00:00,20148539,0.7,deprecated,15432
superagent,8.0.0,2022-06-24T05:52:54+00:00,20148539,0.7,deprecated,15432
superagent,9.0.0,2024-04-23T17:26:06+00:00,20148539,0.7,deprecated,15432
html-webpack-plugin,1.0.0,2014-08-13T23:15:37+00:00,15869739,0.7,deprecated,98608
html-webpack-plugin,3.0.0,2018-02-28T21:11:00+00:00,15869739,0.7,deprecated,98608
nodemailer,1.0.0,2014-07-15T13:17:44+00:00,15617912,0.7,deprecated,55360
nodemailer,2.0.0,2016-01-11T15:45:39+00:00,15617912,0.7,deprecated,55360
request,2.0.0,2011-07-21T21:10:38+00:00,14988766,0.7,deprecated,110944
supertest,1.0.0,2015-05-12T21:23:05+00:00,14590675,0.7,deprecated,52600
supertest,2.0.0,2016-07-29T14:31:58+00:00,14590675,0.7,deprecated,52600
supertest,3.0.0,2017-01-30T00:22:45+00:00,14590675,0.7,deprecated,52600
supertest,5.0.0,2020-09-25T13:29:20+00:00,14590675,0.7,deprecated,52600
supertest,7.0.0,2024-04-24T15:19:36+00:00,14590675,0.7,deprecated,52600
connect,1.0.0,2011-03-01T18:28:24+00:00,14581336,0.7,deprecated,122848
vue,2.0.0,2016-09-30T18:32:13+00:00,12769918,0.7,deprecated,142824
prisma,2.0.0,2016-06-06T12:36:50+00:00,12713171,0.7,deprecated,88688
mongodb,1.0.0,2012-04-26T08:36:37+00:00,12219603,0.7,deprecated,83552
mongodb,2.0.0,2014-10-07T09:53:52+00:00,12219603,0.7,deprecated,83552
sinon,1.0.0,2010-12-20T21:03:03+00:00,11084231,0.7,deprecated,33184
sinon,5.0.0,2018-01-11T12:54:30+00:00,11084231,0.7,deprecated,33184
sinon,8.0.0,2019-12-22T16:11:55+00:00,11084231,0.7,deprecated,33184
sinon,9.0.0,2020-02-19T10:45:52+00:00,11084231,0.7,deprecated,33184
sinon,10.0.0,2021-03-22T16:50:12+00:00,11084231,0.7,deprecated,33184
fstream,1.0.0,2014-07-31T22:27:19+00:00,10469744,0.7,deprecated,1744
puppeteer,1.0.0,2018-01-12T03:51:29+00:00,10268035,0.7,deprecated,41328
puppeteer,2.0.0,2019-10-24T13:20:05+00:00,10268035,0.7,deprecated,41328
puppeteer,6.0.0,2021-02-02T11:07:25+00:00,10268035,0.7,deprecated,41328
puppeteer,7.0.0,2021-02-03T15:44:27+00:00,10268035,0.7,deprecated,41328
puppeteer,8.0.0,2021-02-26T08:36:50+00:00,10268035,0.7,deprecated,41328
puppeteer,10.0.0,2021-05-31T12:42:27+00:00,10268035,0.7,deprecated,41328
react-native,1000.0.0,2024-01-31T22:02:17+00:00,8515319,0.7,deprecated,68424
fastify,5.0.0-aplha.1,2024-05-07T13:14:37+00:00,7761780,0.7,deprecated,21304
babel-core,5.0.0,2015-04-02T18:37:39+00:00,7552548,0.7,deprecated,60328
better-sqlite3,1.0.0,2016-09-13T16:23:36+00:00,6944194,0.7,deprecated,19360
better-sqlite3,2.0.0,2017-03-01T15:27:34+00:00,6944194,0.7,deprecated,19360
better-sqlite3,4.0.0,2017-08-29T12:20:08+00:00,6944194,0.7,deprecated,19360
better-sqlite3,5.0.0,2018-10-09T14:54:53+00:00,6944194,0.7,deprecated,19360
better-sqlite3,6.0.0,2020-02-24T13:51:15+00:00,6944194,0.7,deprecated,19360
better-sqlite3,7.0.0,2020-04-25T15:24:32+00:00,6944194,0.7,deprecated,19360
bootstrap,4.0.0,2018-01-18T18:34:21+00:00,6334665,0.7,deprecated,14352
bcrypt,3.0.0,2018-07-06T09:55:34+00:00,5151053,0.7,deprecated,64468
react-dnd,15.0.0,2022-02-04T00:13:52+00:00,4878026,0.7,deprecated,6464
rollup-plugin-terser,2.0.0,2018-08-30T19:17:28+00:00,4208760,0.7,deprecated,6396
rollup-plugin-terser,3.0.0,2018-09-16T14:23:46+00:00,4208760,0.7,deprecated,6396
rollup-plugin-terser,4.0.0,2019-01-01T21:25:00+00:00,4208760,0.7,deprecated,6396
rollup-plugin-terser,5.0.0,2019-05-21T19:14:07+00:00,4208760,0.7,deprecated,6396
rollup-plugin-terser,6.0.0,2020-05-23T10:07:40+00:00,4208760,0.7,deprecated,6396
rollup-plugin-terser,7.0.0,2020-08-09T12:44:33+00:00,4208760,0.7,deprecated,6396
sequelize,2.0.0-dev1,2014-01-11T13:22:08+00:00,2974383,0.7,deprecated,47176
sequelize,2.0.0-dev2,2014-01-18T22:09:34+00:00,2974383,0.7,deprecated,47176
sequelize,2.0.0-dev3,2014-01-30T11:52:36+00:00,2974383,0.7,deprecated,47176
sequelize,2.0.0-dev4,2014-02-02T13:45:11+00:00,2974383,0.7,deprecated,47176
sequelize,2.0.0-dev5,2014-02-07T20:23:05+00:00,2974383,0.7,deprecated,47176
sequelize,2.0.0-dev6,2014-02-12T09:19:49+00:00,2974383,0.7,deprecated,47176
sequelize,2.0.0-dev7,2014-02-21T17:23:07+00:00,2974383,0.7,deprecated,47176
sequelize,2.0.0-dev8,2014-02-21T17:39:26+00:00,2974383,0.7,deprecated,47176
sequelize,2.0.0-dev9,2014-02-25T14:48:20+00:00,2974383,0.7,deprecated,47176
mobx-react,8.0.0,2023-03-25T10:16:10+00:00,2935848,0.7,deprecated,14704
react-beautiful-dnd,3.0.0,2017-11-28T04:33:51+00:00,2334900,0.7,deprecated,4300
react-beautiful-dnd,5.0.0,2018-02-23T00:12:39+00:00,2334900,0.7,deprecated,4300
react-beautiful-dnd,8.0.0,2018-07-03T07:26:46+00:00,2334900,0.7,deprecated,4300
electron-builder,24.0.0,2023-03-04T20:02:35+00:00,2249378,0.7,deprecated,33360
tslint,6.0.0,2020-01-21T19:55:15+00:00,2135726,0.7,deprecated,64512
react-query,4.0.0,2022-07-18T19:04:40+00:00,1738988,0.7,deprecated,59664
nuxt,1.0.0-gh-a29eb99,2017-11-24T19:31:32+00:00,1533230,0.7,deprecated,35680
nuxt,1.0.0-gh-61231bf,2017-11-25T15:19:54+00:00,1533230,0.7,deprecated,35680
nuxt,1.0.0-gh-d638ca3,2017-11-26T14:07:54+00:00,1533230,0.7,deprecated,35680
nuxt,1.0.0-gh-6a3e86e,2017-11-26T21:26:04+00:00,1533230,0.7,deprecated,35680
nuxt,1.0.0-gh-47dfc5c,2017-11-27T07:49:00+00:00,1533230,0.7,deprecated,35680
nuxt,1.0.0-gh-947f284,2017-11-27T10:22:05+00:00,1533230,0.7,deprecated,35680
nuxt,1.0.0-gh-5bacd36,2017-11-27T14:47:15+00:00,1533230,0.7,deprecated,35680
nuxt,1.0.0-gh-b31b0f2,2017-11-27T17:07:52+00:00,1533230,0.7,deprecated,35680
nuxt,1.0.0-gh-0558ae2,2017-11-28T08:02:27+00:00,1533230,0.7,deprecated,35680
nuxt,1.0.0-gh-887ebd5,2017-11-28T09:59:36+00:00,1533230,0.7,deprecated,35680
levelup,2.0.0,2017-10-10T19:33:28+00:00,1080615,0.7,deprecated,4256
levelup,4.0.0,2018-12-23T13:55:57+00:00,1080615,0.7,deprecated,4256
levelup,5.0.0,2021-04-17T11:04:28+00:00,1080615,0.7,deprecated,4256
node-sass,1.0.0,2014-10-16T20:03:11+00:00,942515,0.7,deprecated,88960
node-sass,2.0.0,2015-02-12T04:04:23+00:00,942515,0.7,deprecated,88960
node-sass,5.0.0,2020-10-31T13:53:38+00:00,942515,0.7,deprecated,88960
node-sass,6.0.0,2021-05-08T15:34:55+00:00,942515,0.7,deprecated,88960
node-sass,7.0.0,2021-12-06T12:11:39+00:00,942515,0.7,deprecated,88960
node-sass,8.0.0,2022-11-09T10:19:45+00:00,942515,0.7,deprecated,88960
node-sass,9.0.0,2023-05-20T06:03:42+00:00,942515,0.7,deprecated,88960
graphql-tools,1.0.0,2017-05-30T17:46:43+00:00,938892,0.7,deprecated,10880
graphql-tools,2.0.0,2017-10-03T10:13:33+00:00,938892,0.7,deprecated,10880
graphql-tools,4.0.0,2018-09-19T18:53:38+00:00,938892,0.7,deprecated,10880
graphql-tools,9.0.0,2023-05-19T10:56:29+00:00,938892,0.7,deprecated,10880
cuid,3.0.0,2023-01-24T21:33:35+00:00,810538,0.7,deprecated,2116
apollo-server-express,2.0.0,2018-07-19T19:51:18+00:00,762104,0.7,deprecated,5204
apollo-server-express,3.0.0-lambda.0,2021-05-13T19:44:49+00:00,762104,0.7,deprecated,5204
apollo-server-express,3.0.0-html.0,2021-05-25T04:35:25+00:00,762104,0.7,deprecated,5204
apollo-server-express,3.0.0-html.2,2021-05-25T05:19:54+00:00,762104,0.7,deprecated,5204
leveldown,1.0.0,2014-08-26T04:33:09+00:00,636520,0.7,deprecated,1764
leveldown,2.0.0,2017-10-02T12:37:22+00:00,636520,0.7,deprecated,1764
leveldown,3.0.0,2018-01-30T23:53:29+00:00,636520,0.7,deprecated,1764
leveldown,6.0.0,2021-04-11T11:31:10+00:00,636520,0.7,deprecated,1764
csurf,1.0.0,2014-03-05T06:45:35+00:00,439202,0.7,deprecated,3172
tap,3.0.0,2015-12-30T02:08:35+00:00,344686,0.7,deprecated,46736
tap,4.0.0,2015-12-31T01:05:07+00:00,344686,0.7,deprecated,46736
tap,6.0.0,2016-07-01T01:56:41+00:00,344686,0.7,deprecated,46736
tap,8.0.0,2016-10-25T17:02:00+00:00,344686,0.7,deprecated,46736
tap,9.0.0,2017-01-08T07:14:26+00:00,344686,0.7,deprecated,46736
apollo-server,2.0.0,2018-07-19T19:51:46+00:00,216479,0.7,deprecated,1113
apollo-server,3.0.0-lambda.0,2021-05-13T19:44:54+00:00,216479,0.7,deprecated,1113
apollo-server,3.0.0-html.0,2021-05-25T04:35:28+00:00,216479,0.7,deprecated,1113
apollo-server,3.0.0-html.2,2021-05-25T05:19:59+00:00,216479,0.7,deprecated,1113
hapi,4.0.0,2014-04-08T07:22:12+00:00,78578,0.7,deprecated,9652
hapi,6.0.0,2014-06-12T04:54:37+00:00,78578,0.7,deprecated,9652
hapi,8.0.0,2014-12-09T23:09:13+00:00,78578,0.7,deprecated,9652
hapi,9.0.0,2015-08-12T06:39:22+00:00,78578,0.7,deprecated,9652
uws,99.0.0,2018-07-26T22:12:29+00:00,73336,0.7,deprecated,1372
sendgrid,2.0.0,2015-11-24T18:04:32+00:00,65580,0.7,deprecated,8308
sendgrid,3.0.0,2016-06-14T18:12:43+00:00,65580,0.7,deprecated,8308
sendgrid,4.0.0,2016-08-02T20:14:14+00:00,65580,0.7,deprecated,8308
sendgrid,5.0.0,2017-03-31T15:52:02+00:00,65580,0.7,deprecated,8308
react-testing-library,1.0.0,2018-03-19T14:10:06+00:00,59084,0.7,deprecated,3856
react-testing-library,3.0.0,2018-05-06T03:33:58+00:00,59084,0.7,deprecated,3856
react-testing-library,4.0.0,2018-06-19T04:19:43+00:00,59084,0.7,deprecated,3856
react-testing-library,5.0.0,2018-08-09T18:01:22+00:00,59084,0.7,deprecated,3856
react-testing-library,6.0.0,2019-02-24T06:28:15+00:00,59084,0.7,deprecated,3856
react-testing-library,7.0.0,2019-04-25T21:17:45+00:00,59084,0.7,deprecated,3856
react-testing-library,8.0.0,2019-05-30T17:48:13+00:00,59084,0.7,deprecated,3856
prebuild,2.0.0,2015-07-26T12:04:00+00:00,25824,0.7,deprecated,55520
prebuild,3.0.0,2016-02-11T19:35:23+00:00,25824,0.7,deprecated,55520
prebuild,4.0.0,2016-02-16T17:45:38+00:00,25824,0.7,deprecated,55520
prebuild,5.0.0,2016-12-05T10:14:39+00:00,25824,0.7,deprecated,55520
prebuild,6.0.0,2017-01-04T12:40:18+00:00,25824,0.7,deprecated,55520
prebuild,7.0.0,2017-12-07T20:48:21+00:00,25824,0.7,deprecated,55520
prebuild,8.0.0,2018-08-28T14:14:07+00:00,25824,0.7,deprecated,55520
prebuild,9.0.0,2019-06-02T16:58:11+00:00,25824,0.7,deprecated,55520
prebuild,10.0.0,2020-01-11T12:58:36+00:00,25824,0.7,deprecated,55520
prebuild,11.0.0,2021-09-16T12:47:11+00:00,25824,0.7,deprecated,55520
swc,1.0.0,2019-02-08T09:15:47+00:00,17230,0.7,deprecated,38328
